[
  {
    "name": "Minimalist Chair",
    "description": "Ergonomic and stylish chair for modern workspaces.",
    "price": 129.99,
    "image": "https://images.unsplash.com/photo-1555041469-a586c61ea9bc?w=800&q=80",
    "category": "Furniture",
    "stock": 25
  },
  {
    "name": "Wireless Headphones",
    "description": "Noise-cancelling over-ear headphones with 30h battery.",
    "price": 199.0,
    "image": "https://images.unsplash.com/photo-1518441902113-c1d4b5d3a0a5?w=800&q=80",
    "category": "Electronics",
    "stock": 40
  },
  {
    "name": "Smart Lamp",
    "description": "Dimmable smart lamp with app control and schedules.",
    "price": 59.99,
    "image": "https://images.unsplash.com/photo-1540932239986-30128078f3c2?w=800&q=80",
    "category": "Home",
    "stock": 50
  }
]